{
    "results": {
        "Linear Regression": {
            "R2": 0.8028803144797849,
            "MAE": 10714.293275412772,
            "RMSE": 16885.621820934393
        },
        "Random Forest": {
            "R2": 0.8406683537945363,
            "MAE": 9139.901770715975,
            "RMSE": 15181.094412405873
        },
        "Gradient Boosting": {
            "R2": 0.8296639651002269,
            "MAE": 10276.436761874409,
            "RMSE": 15696.590425787732
        }
    },
    "best_model": "Random Forest"
}